id,Durations,Distance,Latitude,Longitude,cluster,location_demand,wealth_index,availability,cost_efficiency,wait_time
33427,1853.91,25411.76,41.92268628,-87.64948873,4,6.48683440608543,11.164797074166795,False,0.6405316104391123,11.82416801258652
35421,361.29,1994.43,41.97907082,-87.90303966,0,6.48683440608543,11.164797074166795,True,0.82754357567402,8.354553812912592
35552,361.29,1994.43,41.97907082,-87.90303966,0,6.48683440608543,11.164797074166795,True,0.4597429609588798,8.351532179312251
35609,1629.26,20923.6,41.97517094,-87.68751552,3,6.48683440608543,11.164797074166795,False,0.8532547437764588,6.81281534324556
35702,2949.02,48841.67,41.78599852,-87.75093429,5,6.48683440608543,11.164797074166795,True,0.6276707779977548,8.782316650338974
35721,1896.28,25318.95,41.94269184,-87.65177051,4,6.48683440608543,11.164797074166795,False,0.8095261707121171,7.308092042821525
35742,2171.7,29133.79,41.89250778,-87.62621491,5,6.48683440608543,11.164797074166795,True,0.7588947401221023,4.015839217468097
35762,1746.22,24129.53,41.92187746,-87.66407824,4,6.48683440608543,11.164797074166795,True,0.9033510935213798,9.038387542214688
35780,1853.91,25411.76,41.92268628,-87.64948873,4,6.48683440608543,11.164797074166795,True,0.7738575501385896,8.085545651895792
35797,2158.01,28871.79,41.88530002,-87.64280847,5,6.48683440608543,11.164797074166795,True,0.6313047167822902,10.019120808206404
35812,3152.22,51407.7,41.76977806,-87.72692984,5,6.48683440608543,11.164797074166795,True,0.8967217737044152,6.32898108299998
35826,1793.65,24153.67,41.96581197,-87.65587879,4,6.48683440608543,11.164797074166795,True,0.5039947410912131,8.014840457225729
35842,1883.89,24988.66,41.9442266,-87.65599818,4,6.48683440608543,11.164797074166795,True,0.7825939471539778,8.552214403779463
35865,1621.95,21236.15,41.94779159,-87.68383494,3,6.48683440608543,11.164797074166795,True,0.6775690753378678,5.445899923702568
35884,1905.1,23546.93,42.00962288,-87.67016686,4,6.48683440608543,11.164797074166795,False,0.6477760462487427,7.79128625048154
35902,1883.89,24988.66,41.9442266,-87.65599818,4,6.48683440608543,11.164797074166795,True,0.8538909986537646,8.612100482438834
35922,2022.26,27350.38,41.91461629,-87.63171737,5,6.48683440608543,11.164797074166795,True,0.7247991284310009,4.892186040757522
35941,2130.1,28653.62,41.87925508,-87.642649,5,6.48683440608543,11.164797074166795,True,0.6648060454193043,9.044219340022964
35963,2341.91,30442.36,41.88498719,-87.62099291,5,6.48683440608543,11.164797074166795,True,0.6549204075539684,7.892597700331232
35981,1629.26,20923.6,41.97517094,-87.68751552,3,6.48683440608543,11.164797074166795,True,0.7661696189131869,8.342346565809335
36000,2949.02,48841.67,41.78599852,-87.75093429,5,6.48683440608543,11.164797074166795,True,0.7770040877410569,9.163487293231544
36020,2135.07,28835.74,41.89321636,-87.63784421,5,6.48683440608543,11.164797074166795,True,0.6958032324462691,6.284940988495918
36040,912.51,12872.66,41.97882953,-87.7711667,1,6.48683440608543,11.164797074166795,True,0.7555588690364639,5.798805093820143
36050,1883.89,24988.66,41.9442266,-87.65599818,4,6.48683440608543,11.164797074166795,True,0.763103225876234,8.580942540963552
36060,2130.1,28653.62,41.87925508,-87.642649,5,6.48683440608543,11.164797074166795,False,0.7101578661236422,6.044647031112135
36071,1853.91,25411.76,41.92268628,-87.64948873,4,6.48683440608543,11.164797074166795,False,0.8372878466178338,7.77093557803971
36082,1742.11,23265.97,41.95753092,-87.66661144,4,6.48683440608543,11.164797074166795,True,0.6933744920265348,9.429389682379108
36092,2313.65,31203.91,41.87400538,-87.66351755,5,6.48683440608543,11.164797074166795,True,0.7659723363871331,6.860303747305957
36102,2949.02,48841.67,41.78599852,-87.75093429,5,6.48683440608543,11.164797074166795,True,0.7423005697444776,8.798610085232493
36114,2644.36,33588.78,41.83615016,-87.64878795,5,6.48683440608543,11.164797074166795,True,0.7212951198017997,9.64403963369616
36125,2133.02,28573.99,41.89204214,-87.63186395,5,6.48683440608543,11.164797074166795,True,0.7729977991178913,6.58978358850074
36137,1936.96,25407.66,41.93465916,-87.64672973,4,6.48683440608543,11.164797074166795,True,0.7765843308090399,9.972137804484325
36147,1883.89,24988.66,41.9442266,-87.65599818,4,6.48683440608543,11.164797074166795,True,0.5818853121789804,7.056873869304661
36160,1629.26,20923.6,41.97517094,-87.68751552,3,6.48683440608543,11.164797074166795,True,0.7695318626462611,6.56838409914759
36170,1919.38,25246.57,41.90120699,-87.67635599,4,6.48683440608543,11.164797074166795,True,0.7169812734618345,8.655671263104887
36180,2130.1,28653.62,41.87925508,-87.642649,5,6.48683440608543,11.164797074166795,True,0.8272886532768141,10.658951755725903
36192,2949.02,48841.67,41.78599852,-87.75093429,5,6.48683440608543,11.164797074166795,True,0.5485503740120072,8.716738177207013
36203,1873.76,25035.69,41.91474731,-87.65400703,4,6.48683440608543,11.164797074166795,True,0.6035988864482265,9.313093159450425
36213,2164.16,28908.6,41.89207264,-87.62887416,5,6.48683440608543,11.164797074166795,False,0.6453114063467267,6.38174614835696
36223,1853.91,25411.76,41.92268628,-87.64948873,4,6.48683440608543,11.164797074166795,True,0.5477384014793738,8.51911437256959
36233,2164.16,28908.6,41.89207264,-87.62887416,5,6.48683440608543,11.164797074166795,True,0.6263115399702424,6.2834400339195575
36243,1919.38,25246.57,41.90120699,-87.67635599,4,6.48683440608543,11.164797074166795,True,0.5879686258037243,4.742357880359223
36253,2130.1,28653.62,41.87925508,-87.642649,5,6.48683440608543,11.164797074166795,True,0.6630544662063204,7.242002079507439
36264,2355.79,31261.86,41.87740612,-87.62197165,5,6.48683440608543,11.164797074166795,True,0.5409214098225613,7.194180977949163
36274,2130.1,28653.62,41.87925508,-87.642649,5,6.48683440608543,11.164797074166795,True,0.6696146130319589,7.381662441122987
36286,2654.84,35041.95,41.83511799,-87.61867777,5,6.48683440608543,11.164797074166795,True,0.7583231110150769,6.667890571866483
36299,361.29,1994.43,41.97907082,-87.90303966,0,6.48683440608543,11.164797074166795,False,0.6292863004231397,9.209876647311011
36310,2949.02,48841.67,41.78599852,-87.75093429,5,6.48683440608543,11.164797074166795,True,0.7082626183512847,6.647889212797535
36323,2158.01,28871.79,41.88530002,-87.64280847,5,6.48683440608543,11.164797074166795,False,0.580630450243125,8.03010409220747
36333,1746.22,24129.53,41.92187746,-87.66407824,4,6.48683440608543,11.164797074166795,True,0.7466024304103185,7.938914194351748
36344,1883.89,24988.66,41.9442266,-87.65599818,4,6.48683440608543,11.164797074166795,True,0.804272512954974,8.220593930473498
36354,2092.6,28018.2,41.88528132,-87.6572332,5,6.48683440608543,11.164797074166795,False,0.4768307454491911,7.576491510967192
36365,2552.48,33421.57,41.85026637,-87.66756931,5,6.48683440608543,11.164797074166795,True,0.7146916982023842,7.946372427237408
36375,2313.65,31203.91,41.87400538,-87.66351755,5,6.48683440608543,11.164797074166795,True,0.6808105003813758,10.3835035900528
36387,2310.41,30615.91,41.89197151,-87.61294541,5,6.48683440608543,11.164797074166795,True,0.7169150994745476,8.623501974894188
36398,2133.02,28573.99,41.89204214,-87.63186395,5,6.48683440608543,11.164797074166795,False,0.8019043432219218,12.288344557331635
36408,1982.1,26599.55,41.91458571,-87.64596621,4,6.48683440608543,11.164797074166795,True,0.6469074265269669,9.44788959809719
36419,1919.38,25246.57,41.90120699,-87.67635599,4,6.48683440608543,11.164797074166795,True,0.6637424870264643,8.833145947477322
36429,1588.78,21985.04,41.92276062,-87.69915534,3,6.48683440608543,11.164797074166795,True,0.7392985832776259,7.986006698461253
36439,2130.1,28653.62,41.87925508,-87.642649,5,6.48683440608543,11.164797074166795,True,0.6901124420027782,7.571718522937675
36449,2273.13,30170.0,41.89092203,-87.61886836,5,6.48683440608543,11.164797074166795,False,0.7073562118438648,6.507795114503914
36460,2341.91,30442.36,41.88498719,-87.62099291,5,6.48683440608543,11.164797074166795,True,0.7284438534335851,7.344101964705788
36472,2146.17,28683.26,41.90026569,-87.63210922,5,6.48683440608543,11.164797074166795,True,0.6261260505759095,8.034195607455601
36483,2313.65,31203.91,41.87400538,-87.66351755,5,6.48683440608543,11.164797074166795,True,0.7175998541427312,8.082077746933498
36493,1874.95,24776.97,41.92904694,-87.65131088,4,6.48683440608543,11.164797074166795,False,0.7879996788894132,6.7712809912134775
36503,2214.76,29329.81,41.89915561,-87.62621053,5,6.48683440608543,11.164797074166795,True,0.5607604884357399,6.802236005343417
36513,1919.38,25246.57,41.90120699,-87.67635599,4,6.48683440608543,11.164797074166795,True,0.7088027652520006,9.767510890408271
36525,2130.1,28653.62,41.87925508,-87.642649,5,6.48683440608543,11.164797074166795,True,0.6311398213168411,6.552578673694201
36536,2577.47,33320.21,41.84207612,-87.63397342,5,6.48683440608543,11.164797074166795,True,0.6323475618646274,9.487273581390566
36546,1883.89,24988.66,41.9442266,-87.65599818,4,6.48683440608543,11.164797074166795,True,0.6435839281612782,6.153900442594733
36557,1883.89,24988.66,41.9442266,-87.65599818,4,6.48683440608543,11.164797074166795,True,0.7001252263065818,5.25401841346298
36568,2244.64,30518.34,41.88099447,-87.63274649,5,6.48683440608543,11.164797074166795,False,0.7688532074356598,12.774135492192176
36579,2122.2,28620.05,41.89960211,-87.63330804,5,6.48683440608543,11.164797074166795,True,0.6027758791285774,10.17093838541502
36590,1919.38,25246.57,41.90120699,-87.67635599,4,6.48683440608543,11.164797074166795,True,0.631118740745226,8.639391988630772
36600,1824.21,25163.49,41.92177819,-87.65106188,4,6.48683440608543,11.164797074166795,True,0.5256054726952334,7.170587890501661
36610,2341.91,30442.36,41.88498719,-87.62099291,5,6.48683440608543,11.164797074166795,False,0.658832078326326,9.08626770326996
36621,2122.2,28620.05,41.89960211,-87.63330804,5,6.48683440608543,11.164797074166795,True,0.7283804334245215,10.164781629826386
36631,1883.89,24988.66,41.9442266,-87.65599818,4,6.48683440608543,11.164797074166795,False,0.8278696259477984,5.511089648712163
36641,1919.38,25246.57,41.90120699,-87.67635599,4,6.48683440608543,11.164797074166795,False,0.7786072800890659,11.205447192246792
36653,2341.91,30442.36,41.88498719,-87.62099291,5,6.48683440608543,11.164797074166795,True,0.6587281056136525,7.211570315278679
36663,1919.38,25246.57,41.90120699,-87.67635599,4,6.48683440608543,11.164797074166795,True,0.6905453213113869,8.378910660981408
36673,2122.2,28620.05,41.89960211,-87.63330804,5,6.48683440608543,11.164797074166795,True,0.5600263003654142,9.220812751326804
36683,2341.91,30442.36,41.88498719,-87.62099291,5,6.48683440608543,11.164797074166795,True,0.5641599728414272,2.628418869656043
36694,2218.16,29630.74,41.89503345,-87.61971067,5,6.48683440608543,11.164797074166795,True,0.7419882084296491,10.632451295031691
36704,1793.65,24153.67,41.96581197,-87.65587879,4,6.48683440608543,11.164797074166795,True,0.8793269996227853,6.740869445354961
36715,2355.79,31261.86,41.87740612,-87.62197165,5,6.48683440608543,11.164797074166795,False,0.66446904198991,7.280263235114514
36725,1980.37,25818.78,41.93476246,-87.63985386,4,6.48683440608543,11.164797074166795,True,0.595662024677599,7.922399158663954
36736,1588.78,21985.04,41.92276062,-87.69915534,3,6.48683440608543,11.164797074166795,False,0.6622457153095754,9.06942674147419
36746,1853.91,25411.76,41.92268628,-87.64948873,4,6.48683440608543,11.164797074166795,False,0.7112620131662286,7.776550703266755
36757,1229.11,17809.4,41.95358213,-87.72345239,2,6.48683440608543,11.164797074166795,True,0.7555045054188285,5.996499422705773
36767,2133.02,28573.99,41.89204214,-87.63186395,5,6.48683440608543,11.164797074166795,False,0.8396710456434965,7.465669498910241
36777,1621.95,21236.15,41.94779159,-87.68383494,3,6.48683440608543,11.164797074166795,True,0.6282843918505483,12.616989627486806
36787,1287.95,17285.07,41.968069,-87.72155906,2,6.48683440608543,11.164797074166795,True,0.5184672834594016,5.818816960920133
36797,2130.1,28653.62,41.87925508,-87.642649,5,6.48683440608543,11.164797074166795,False,0.7228329569735084,3.988327842697691
36808,2244.64,30518.34,41.88099447,-87.63274649,5,6.48683440608543,11.164797074166795,True,0.8002045126929473,7.545611948477633
36820,2355.79,31261.86,41.87740612,-87.62197165,5,6.48683440608543,11.164797074166795,True,0.6929207122041344,9.015727254286034
36830,2122.2,28620.05,41.89960211,-87.63330804,5,6.48683440608543,11.164797074166795,True,0.6933977418310836,9.1438182312691
36840,2122.2,28620.05,41.89960211,-87.63330804,5,6.48683440608543,11.164797074166795,False,0.8236670459975981,8.461712966709003
36850,2122.2,28620.05,41.89960211,-87.63330804,5,6.48683440608543,11.164797074166795,True,0.5354351356911786,8.6992924730927
36861,361.29,1994.43,41.97907082,-87.90303966,0,6.48683440608543,11.164797074166795,True,0.8883507065866478,9.653929364894024
36871,2310.41,30615.91,41.89197151,-87.61294541,5,6.48683440608543,11.164797074166795,True,0.6843866092595385,6.076920191239664
36881,2256.58,29839.65,41.89833179,-87.62076287,5,6.48683440608543,11.164797074166795,False,0.847557329504542,9.85560191112518
36891,2244.64,30518.34,41.88099447,-87.63274649,5,6.48683440608543,11.164797074166795,False,0.7058032610141509,7.311461748248726
36903,1793.65,24153.67,41.96581197,-87.65587879,4,6.48683440608543,11.164797074166795,True,0.771923624519776,4.806187516322462
36914,2273.13,30170.0,41.89092203,-87.61886836,5,6.48683440608543,11.164797074166795,True,0.6714080076701461,5.87080964226554
36924,1982.1,26599.55,41.91458571,-87.64596621,4,6.48683440608543,11.164797074166795,True,0.8807889435820614,8.336898356482921
36934,2244.64,30518.34,41.88099447,-87.63274649,5,6.48683440608543,11.164797074166795,True,0.7466198897905979,9.856960581484486
36944,2130.1,28653.62,41.87925508,-87.642649,5,6.48683440608543,11.164797074166795,False,0.7083134140237703,5.807562026568571
36954,2273.13,30170.0,41.89092203,-87.61886836,5,6.48683440608543,11.164797074166795,True,0.6234254499662661,5.655608272676719
36965,2577.47,33320.21,41.84207612,-87.63397342,5,6.48683440608543,11.164797074166795,True,0.6201224846115353,5.950940264450858
36975,1919.38,25246.57,41.90120699,-87.67635599,4,6.48683440608543,11.164797074166795,True,0.6581255915436428,8.912537080477206
36985,2164.16,28908.6,41.89207264,-87.62887416,5,6.48683440608543,11.164797074166795,True,0.6484853179444393,10.511224090919216
36997,1287.95,17285.07,41.968069,-87.72155906,2,6.48683440608543,11.164797074166795,True,0.8483610275132746,6.182439671128584
37007,2164.86,28972.52,41.9002213,-87.62910519,5,6.48683440608543,11.164797074166795,True,0.8406820664305059,8.933581975399344
37020,1853.91,25411.76,41.92268628,-87.64948873,4,6.48683440608543,11.164797074166795,True,0.6762966919249792,6.048823516713874
37032,2244.64,30518.34,41.88099447,-87.63274649,5,6.48683440608543,11.164797074166795,True,0.703771153704949,6.984638534086686
37043,2410.26,31438.39,41.87060737,-87.62217294,5,6.48683440608543,11.164797074166795,True,0.6280737121606036,8.795996981153595
37053,2214.76,29329.81,41.89915561,-87.62621053,5,6.48683440608543,11.164797074166795,True,0.7673302680666126,4.938435514365176
37064,1919.28,23815.87,41.9867118,-87.66341641,4,6.48683440608543,11.164797074166795,True,0.6329978483022004,4.466091846808663
37074,2355.79,31261.86,41.87740612,-87.62197165,5,6.48683440608543,11.164797074166795,True,0.7531636222159227,5.447387241452364
37084,1883.89,24988.66,41.9442266,-87.65599818,4,6.48683440608543,11.164797074166795,True,0.724260185227187,9.583112340323764
37094,1621.95,21236.15,41.94779159,-87.68383494,3,6.48683440608543,11.164797074166795,True,0.7691816899041837,6.223674478369567
37104,2112.86,27750.81,41.90749193,-87.63576009,5,6.48683440608543,11.164797074166795,True,0.7138737766582028,5.911757235142618
37114,1969.56,25264.89,41.92907766,-87.64629348,4,6.48683440608543,11.164797074166795,True,0.6503118092587674,5.192443605056684
37125,2130.1,28653.62,41.87925508,-87.642649,5,6.48683440608543,11.164797074166795,True,0.6454803793238341,7.913070461601626
37135,2341.91,30442.36,41.88498719,-87.62099291,5,6.48683440608543,11.164797074166795,True,0.6346333001161584,8.572124311213862
37146,2244.64,30518.34,41.88099447,-87.63274649,5,6.48683440608543,11.164797074166795,True,0.5392315126810276,6.195137689329433
37156,2310.41,30615.91,41.89197151,-87.61294541,5,6.48683440608543,11.164797074166795,True,0.7655987456813035,6.511179144514816
37166,1814.23,24210.23,41.93615907,-87.66126522,4,6.48683440608543,11.164797074166795,True,0.6545752286229557,7.437924290165995
37176,1958.7,26105.46,41.9049353,-87.64990723,4,6.48683440608543,11.164797074166795,True,0.7472173165330044,8.778916123837295
37186,2122.2,28620.05,41.89960211,-87.63330804,5,6.48683440608543,11.164797074166795,True,0.6208006869606061,10.536700089716357
37196,2130.1,28653.62,41.87925508,-87.642649,5,6.48683440608543,11.164797074166795,True,0.7369092226138909,9.343288307027915
37206,2256.58,29839.65,41.89833179,-87.62076287,5,6.48683440608543,11.164797074166795,True,0.7019145788305158,5.028040828577518
37217,369.36,2585.97,41.98026432,-87.9136246,2,6.48683440608543,11.164797074166795,True,0.4696530253038852,10.099505694313512
37227,2244.64,30518.34,41.88099447,-87.63274649,5,6.48683440608543,11.164797074166795,True,0.6704763373282925,7.936277038543791
37238,2214.76,29329.81,41.89915561,-87.62621053,5,6.48683440608543,11.164797074166795,True,0.5307459988565529,7.505104978059128
37248,2122.2,28620.05,41.89960211,-87.63330804,5,6.48683440608543,11.164797074166795,True,0.7311645674578896,10.664620626187313
37259,2130.1,28653.62,41.87925508,-87.642649,5,6.48683440608543,11.164797074166795,True,0.6661513935318043,9.558631308701004
37271,2273.13,30170.0,41.89092203,-87.61886836,5,6.48683440608543,11.164797074166795,True,0.7444484931480396,7.914315462102556
37281,2135.07,28835.74,41.89321636,-87.63784421,5,6.48683440608543,11.164797074166795,False,0.6813348462794062,5.2903775904724055
37291,1853.91,25411.76,41.92268628,-87.64948873,4,6.48683440608543,11.164797074166795,True,0.7744043234599026,5.225930511247281
37301,2122.2,28620.05,41.89960211,-87.63330804,5,6.48683440608543,11.164797074166795,True,0.8633785102625756,8.844550690301405
37311,2273.13,30170.0,41.89092203,-87.61886836,5,6.48683440608543,11.164797074166795,True,0.8102041708732525,8.539891250434096
37321,2218.16,29630.74,41.89503345,-87.61971067,5,6.48683440608543,11.164797074166795,True,0.8524561759688648,6.375404028861531
37332,2084.41,27629.05,41.90949567,-87.6309636,5,6.48683440608543,11.164797074166795,False,0.7532887805939189,3.931629070901103
37342,1483.46,17791.35,41.97829425,-87.71643042,3,6.48683440608543,11.164797074166795,True,0.6299833672569979,7.605445642316626
37353,2130.1,28653.62,41.87925508,-87.642649,5,6.48683440608543,11.164797074166795,True,0.8012715365134422,8.77529333619891
37363,1229.11,17809.4,41.95358213,-87.72345239,2,6.48683440608543,11.164797074166795,True,0.8196195452402855,7.064361403845815
37373,2171.7,29133.79,41.89250778,-87.62621491,5,6.48683440608543,11.164797074166795,True,0.7061930542221386,5.123914211250428
37384,2341.91,30442.36,41.88498719,-87.62099291,5,6.48683440608543,11.164797074166795,True,0.7823449780916072,11.255500882401549
37394,2133.02,28573.99,41.89204214,-87.63186395,5,6.48683440608543,11.164797074166795,False,0.8917473508458791,8.165202007035788
37405,1883.89,24988.66,41.9442266,-87.65599818,4,6.48683440608543,11.164797074166795,True,0.6070296481644213,8.155430491015279
37415,1853.91,25411.76,41.92268628,-87.64948873,4,6.48683440608543,11.164797074166795,True,0.7842137870938525,4.924976053011981
37425,2164.16,28908.6,41.89207264,-87.62887416,5,6.48683440608543,11.164797074166795,True,0.6377799840767762,5.811887653990508
37436,1588.78,21985.04,41.92276062,-87.69915534,3,6.48683440608543,11.164797074166795,False,0.7300505312064842,8.082137166912743
37446,1853.91,25411.76,41.92268628,-87.64948873,4,6.48683440608543,11.164797074166795,True,0.666796141827726,5.994620684428424
37457,1896.28,25318.95,41.94269184,-87.65177051,4,6.48683440608543,11.164797074166795,True,0.5140865469631385,7.376073871459745
37469,3964.04,53957.43,41.69063335,-87.57005827,5,6.48683440608543,11.164797074166795,True,0.7015644873800739,7.435857693502407
37480,2158.01,28871.79,41.88530002,-87.64280847,5,6.48683440608543,11.164797074166795,True,0.5953652537269659,7.910859183725054
37491,2244.64,30518.34,41.88099447,-87.63274649,5,6.48683440608543,11.164797074166795,True,0.7085403486519157,9.606153733363596
37504,1287.95,17285.07,41.968069,-87.72155906,2,6.48683440608543,11.164797074166795,True,0.668843639848163,2.981570361721187
37514,1883.89,24988.66,41.9442266,-87.65599818,4,6.48683440608543,11.164797074166795,False,0.6861109267642491,7.250518549565496
37525,2001.5,27052.61,41.89253687,-87.65986432,4,6.48683440608543,11.164797074166795,True,0.8782747642111464,6.964261928426467
37536,1919.38,25246.57,41.90120699,-87.67635599,4,6.48683440608543,11.164797074166795,True,0.6740588731612079,11.91531992903598
37547,1287.95,17285.07,41.968069,-87.72155906,2,6.48683440608543,11.164797074166795,True,0.8018296018871147,6.356233254427217
37557,2273.13,30170.0,41.89092203,-87.61886836,5,6.48683440608543,11.164797074166795,True,0.8017422232246803,8.89633285688737
37569,2130.1,28653.62,41.87925508,-87.642649,5,6.48683440608543,11.164797074166795,True,0.7244828684585786,10.888019500935988
37580,361.29,1994.43,41.97907082,-87.90303966,0,6.48683440608543,11.164797074166795,True,0.5804789524628186,8.404604794363323
37590,1883.89,24988.66,41.9442266,-87.65599818,4,6.48683440608543,11.164797074166795,True,0.6855117369866653,11.438316616314436
37600,2133.02,28573.99,41.89204214,-87.63186395,5,6.48683440608543,11.164797074166795,False,0.7170978165427236,7.869841431850952
37610,1853.91,25411.76,41.92268628,-87.64948873,4,6.48683440608543,11.164797074166795,True,0.5094489601269919,8.37048357598911
37620,2135.07,28835.74,41.89321636,-87.63784421,5,6.48683440608543,11.164797074166795,True,0.8764488214845594,7.704972020200644
37631,2214.76,29329.81,41.89915561,-87.62621053,5,6.48683440608543,11.164797074166795,True,0.6915247376404571,7.714879155706043
37641,1896.28,25318.95,41.94269184,-87.65177051,4,6.48683440608543,11.164797074166795,True,0.8745252910031661,8.77095625546117
37652,2122.2,28620.05,41.89960211,-87.63330804,5,6.48683440608543,11.164797074166795,True,0.7340891893294146,5.695059594633689
37662,1905.1,23546.93,42.00962288,-87.67016686,4,6.48683440608543,11.164797074166795,True,0.7178125877853733,7.954829105286001
37672,2341.91,30442.36,41.88498719,-87.62099291,5,6.48683440608543,11.164797074166795,True,0.5915645449725729,8.016449461769517
37684,2313.65,31203.91,41.87400538,-87.66351755,5,6.48683440608543,11.164797074166795,True,0.8347453981537645,12.406711313413672
37696,1919.38,25246.57,41.90120699,-87.67635599,4,6.48683440608543,11.164797074166795,True,0.6468263280063518,7.464403597443741
37707,2214.76,29329.81,41.89915561,-87.62621053,5,6.48683440608543,11.164797074166795,True,0.6306293781995652,7.472659962463111
37717,1919.28,23815.87,41.9867118,-87.66341641,4,6.48683440608543,11.164797074166795,True,0.5594934547955005,7.376151486341983
37728,2130.1,28653.62,41.87925508,-87.642649,5,6.48683440608543,11.164797074166795,True,0.7161738234227759,6.472121286062617
37738,2313.65,31203.91,41.87400538,-87.66351755,5,6.48683440608543,11.164797074166795,True,0.8276108202738477,10.907718225427727
37750,2171.7,29133.79,41.89250778,-87.62621491,5,6.48683440608543,11.164797074166795,True,0.7092340743717429,7.8505911914993565
37761,1883.89,24988.66,41.9442266,-87.65599818,4,6.48683440608543,11.164797074166795,True,0.8276292477867525,11.236903260875517
37772,1919.38,25246.57,41.90120699,-87.67635599,4,6.48683440608543,11.164797074166795,True,0.8629766116014943,8.545912971344709
37782,2122.2,28620.05,41.89960211,-87.63330804,5,6.48683440608543,11.164797074166795,True,0.7878678857906098,8.022481414548906
37793,2341.91,30442.36,41.88498719,-87.62099291,5,6.48683440608543,11.164797074166795,True,0.5393020363480885,8.484001018896391
37803,1664.82,20637.97,42.00157103,-87.69501259,3,6.48683440608543,11.164797074166795,True,0.6314848263693086,8.690493453486969
37813,361.29,1994.43,41.97907082,-87.90303966,0,6.48683440608543,11.164797074166795,True,0.7242939498172136,6.731401486485969
37825,1621.95,21236.15,41.94779159,-87.68383494,3,6.48683440608543,11.164797074166795,True,0.7458790509076944,3.235696434289845
37837,1287.95,17285.07,41.968069,-87.72155906,2,6.48683440608543,11.164797074166795,True,0.6421624380802942,11.45381205351138
37847,1883.89,24988.66,41.9442266,-87.65599818,4,6.48683440608543,11.164797074166795,True,0.5759059666633879,9.189777398342398
37857,2256.58,29839.65,41.89833179,-87.62076287,5,6.48683440608543,11.164797074166795,True,0.6801753056305547,8.325459873270207
37867,2214.76,29329.81,41.89915561,-87.62621053,5,6.48683440608543,11.164797074166795,True,0.8248822969554119,7.64621053470368
37877,2410.26,31438.39,41.87060737,-87.62217294,5,6.48683440608543,11.164797074166795,True,0.8210476478196967,10.344682056371266
37887,2177.18,28943.31,41.90278805,-87.62614559,5,6.48683440608543,11.164797074166795,False,0.9091589981736552,9.25918100008613
37897,2100.65,27573.62,41.90156691,-87.63840401,5,6.48683440608543,11.164797074166795,False,0.7955782064318482,6.2362962202275884
37908,2341.91,30442.36,41.88498719,-87.62099291,5,6.48683440608543,11.164797074166795,True,0.8764710844819898,9.8826739356676
37921,1885.4,24893.74,41.90602597,-87.67531162,4,6.48683440608543,11.164797074166795,True,0.6764287118639457,8.822651191081121
37931,1885.4,24893.74,41.90602597,-87.67531162,4,6.48683440608543,11.164797074166795,True,0.7047394569800153,9.874636815212895
37942,1874.95,24776.97,41.92904694,-87.65131088,4,6.48683440608543,11.164797074166795,True,0.7842502141162768,8.81629876063931
37953,2273.13,30170.0,41.89092203,-87.61886836,5,6.48683440608543,11.164797074166795,True,0.6978456930041184,6.441651289443465
37964,2273.13,30170.0,41.89092203,-87.61886836,5,6.48683440608543,11.164797074166795,False,0.6464979431131573,3.55700786765916
37976,2122.2,28620.05,41.89960211,-87.63330804,5,6.48683440608543,11.164797074166795,True,0.6805702257896645,9.947362941284618
37986,2135.07,28835.74,41.89321636,-87.63784421,5,6.48683440608543,11.164797074166795,True,0.6448484272652358,6.102104760994019
37997,2122.2,28620.05,41.89960211,-87.63330804,5,6.48683440608543,11.164797074166795,True,0.5180985675016677,4.97420047154074
38007,2122.2,28620.05,41.89960211,-87.63330804,5,6.48683440608543,11.164797074166795,True,0.754560174272346,7.315723524534941
38018,2171.7,29133.79,41.89250778,-87.62621491,5,6.48683440608543,11.164797074166795,True,0.8113474646037552,7.352260935037595
38029,2341.91,30442.36,41.88498719,-87.62099291,5,6.48683440608543,11.164797074166795,True,0.7301272006552182,7.397882918924365
38041,2244.64,30518.34,41.88099447,-87.63274649,5,6.48683440608543,11.164797074166795,True,0.7095770961246425,9.658541852030393
38053,1928.42,26438.1,41.92208254,-87.63415609,4,6.48683440608543,11.164797074166795,True,0.8163587960278907,9.175740755547492
38065,2410.26,31438.39,41.87060737,-87.62217294,5,6.48683440608543,11.164797074166795,True,0.7747281578925095,8.948436056987052
38075,1883.89,24988.66,41.9442266,-87.65599818,4,6.48683440608543,11.164797074166795,True,0.7259923836266394,5.707928221553652
38086,2410.26,31438.39,41.87060737,-87.62217294,5,6.48683440608543,11.164797074166795,False,0.7122119582626321,6.531991956672651
38097,2341.91,30442.36,41.88498719,-87.62099291,5,6.48683440608543,11.164797074166795,True,0.6629083488231899,9.021165454772891
38108,2313.65,31203.91,41.87400538,-87.66351755,5,6.48683440608543,11.164797074166795,True,0.7673927234468556,7.685583515923892
38119,1905.1,23546.93,42.00962288,-87.67016686,4,6.48683440608543,11.164797074166795,True,1.02595291714572,8.659589050198166
38129,1853.91,25411.76,41.92268628,-87.64948873,4,6.48683440608543,11.164797074166795,True,0.8830287152908727,9.77047269480132
38139,1853.91,25411.76,41.92268628,-87.64948873,4,6.48683440608543,11.164797074166795,True,0.74810497576029,10.845277076496595
38150,1793.65,24153.67,41.96581197,-87.65587879,4,6.48683440608543,11.164797074166795,True,0.6252222836207096,9.586017188974626
38161,1899.21,25016.89,41.93631013,-87.65156259,4,6.48683440608543,11.164797074166795,True,0.7347124287325588,7.65403584267128
38171,2130.1,28653.62,41.87925508,-87.642649,5,6.48683440608543,11.164797074166795,True,0.6456856008760886,7.129806632894466
38183,2341.91,30442.36,41.88498719,-87.62099291,5,6.48683440608543,11.164797074166795,True,0.785582462171915,12.828650419358649
38194,1905.1,23546.93,42.00962288,-87.67016686,4,6.48683440608543,11.164797074166795,True,0.7242618812409536,7.023605211632972
38204,1883.89,24988.66,41.9442266,-87.65599818,4,6.48683440608543,11.164797074166795,True,0.6537857310875408,8.683253744203999
38217,1588.78,21985.04,41.92276062,-87.69915534,3,6.48683440608543,11.164797074166795,True,0.7599963496722031,8.9254869269179
38227,2171.7,29133.79,41.89250778,-87.62621491,5,6.48683440608543,11.164797074166795,True,0.7267038642588936,7.366218055782126
38238,1853.91,25411.76,41.92268628,-87.64948873,4,6.48683440608543,11.164797074166795,False,0.6436104674299181,7.085832629272906
38248,2171.7,29133.79,41.89250778,-87.62621491,5,6.48683440608543,11.164797074166795,True,0.5764333757345019,11.340647397203586
38259,2218.16,29630.74,41.89503345,-87.61971067,5,6.48683440608543,11.164797074166795,False,0.7453461106674015,8.120751035869263
38270,2244.64,30518.34,41.88099447,-87.63274649,5,6.48683440608543,11.164797074166795,True,0.5402064611906808,7.954610646175467
38280,2135.07,28835.74,41.89321636,-87.63784421,5,6.48683440608543,11.164797074166795,False,0.6272172259695181,7.677491038691704
38290,2552.48,33421.57,41.85026637,-87.66756931,5,6.48683440608543,11.164797074166795,True,0.6546583401426026,8.949990534113958
38300,1664.82,20637.97,42.00157103,-87.69501259,3,6.48683440608543,11.164797074166795,False,0.5263849265115135,6.553534220414147
38310,2135.07,28835.74,41.89321636,-87.63784421,5,6.48683440608543,11.164797074166795,True,0.5832769606091194,10.509188078516232
38321,2022.26,27350.38,41.91461629,-87.63171737,5,6.48683440608543,11.164797074166795,True,0.6968954271758375,8.318158470156051
38334,2273.13,30170.0,41.89092203,-87.61886836,5,6.48683440608543,11.164797074166795,False,0.6852018810428978,9.386929961929
38344,2158.01,28871.79,41.88530002,-87.64280847,5,6.48683440608543,11.164797074166795,True,0.6729743896636969,8.92841094125128
38354,1824.21,25163.49,41.92177819,-87.65106188,4,6.48683440608543,11.164797074166795,True,0.7571795311970667,7.10099182241529
38365,2122.2,28620.05,41.89960211,-87.63330804,5,6.48683440608543,11.164797074166795,True,0.5884388639363861,12.654575939589153
38377,1426.12,19859.49,41.9386662,-87.71121059,2,6.48683440608543,11.164797074166795,True,0.637441083924499,5.7940796413407005
38387,2273.13,30170.0,41.89092203,-87.61886836,5,6.48683440608543,11.164797074166795,True,0.6523660992699879,4.648175194732792
38397,1287.95,17285.07,41.968069,-87.72155906,2,6.48683440608543,11.164797074166795,True,0.7869995267027468,5.484337514943649
38408,1899.21,25016.89,41.93631013,-87.65156259,4,6.48683440608543,11.164797074166795,True,0.8512889242385882,12.171368183398936
38419,2273.13,30170.0,41.89092203,-87.61886836,5,6.48683440608543,11.164797074166795,False,0.8423833198004369,8.252080007858089
38431,2341.91,30442.36,41.88498719,-87.62099291,5,6.48683440608543,11.164797074166795,True,0.6948894732342634,10.818513097977652
38441,1928.42,26438.1,41.92208254,-87.63415609,4,6.48683440608543,11.164797074166795,True,0.8551878803523211,7.622805641477267
38452,2164.86,28972.52,41.9002213,-87.62910519,5,6.48683440608543,11.164797074166795,True,0.4788842326582924,5.95530921077483
38463,2244.64,30518.34,41.88099447,-87.63274649,5,6.48683440608543,11.164797074166795,False,0.6824396579700075,10.705183253107068
38473,1793.65,24153.67,41.96581197,-87.65587879,4,6.48683440608543,11.164797074166795,True,0.7354500707242492,8.801479699768262
38483,2273.13,30170.0,41.89092203,-87.61886836,5,6.48683440608543,11.164797074166795,True,0.6061236844777983,7.154285338158815
38493,1969.19,25906.3,41.94257719,-87.64707851,4,6.48683440608543,11.164797074166795,True,0.5833739036871406,8.9734228122976
38503,2256.58,29839.65,41.89833179,-87.62076287,5,6.48683440608543,11.164797074166795,True,0.6119553582189843,7.82211306473706
38514,1621.95,21236.15,41.94779159,-87.68383494,3,6.48683440608543,11.164797074166795,False,0.6733033085549714,8.409676154860426
38525,1507.41,18762.81,41.98363631,-87.72358319,3,6.48683440608543,11.164797074166795,True,0.7038901030800816,5.525831340358206
38537,1919.38,25246.57,41.90120699,-87.67635599,4,6.48683440608543,11.164797074166795,False,0.8401623010094142,7.432646074227832
38548,2313.65,31203.91,41.87400538,-87.66351755,5,6.48683440608543,11.164797074166795,True,0.7529540292158077,8.663570377396525
38558,2122.2,28620.05,41.89960211,-87.63330804,5,6.48683440608543,11.164797074166795,True,0.71444632295379,8.840068425877572
38568,1919.28,23815.87,41.9867118,-87.66341641,4,6.48683440608543,11.164797074166795,False,0.7664609144395887,7.761954085465851
38578,2341.91,30442.36,41.88498719,-87.62099291,5,6.48683440608543,11.164797074166795,True,0.667373662885243,7.058886406176618
38588,1919.38,25246.57,41.90120699,-87.67635599,4,6.48683440608543,11.164797074166795,False,0.8054357596456303,8.03273219110344
38599,2313.65,31203.91,41.87400538,-87.66351755,5,6.48683440608543,11.164797074166795,True,0.7777461008470978,3.680427080677232
38609,1874.95,24776.97,41.92904694,-87.65131088,4,6.48683440608543,11.164797074166795,True,0.7670808413229426,9.651980969986306
38620,2244.64,30518.34,41.88099447,-87.63274649,5,6.48683440608543,11.164797074166795,True,0.6935106233217002,7.580219228673062
38630,2171.7,29133.79,41.89250778,-87.62621491,5,6.48683440608543,11.164797074166795,True,0.7923592345128353,10.109518005875223
38640,1588.78,21985.04,41.92276062,-87.69915534,3,6.48683440608543,11.164797074166795,False,0.6273426542442574,8.530583840356735
38652,2122.2,28620.05,41.89960211,-87.63330804,5,6.48683440608543,11.164797074166795,True,0.7306839167802535,10.25775104176969
38664,2244.64,30518.34,41.88099447,-87.63274649,5,6.48683440608543,11.164797074166795,True,0.7152626419665592,8.613565557406172
38674,1883.89,24988.66,41.9442266,-87.65599818,4,6.48683440608543,11.164797074166795,False,0.9076785830301666,5.763609331627246
38684,1588.78,21985.04,41.92276062,-87.69915534,3,6.48683440608543,11.164797074166795,False,0.5796172719159962,5.495000737062108
38695,2214.76,29329.81,41.89915561,-87.62621053,5,6.48683440608543,11.164797074166795,True,0.7373053931413686,7.909357900214293
38705,2341.91,30442.36,41.88498719,-87.62099291,5,6.48683440608543,11.164797074166795,True,0.7679398755970758,10.270241458447812
38715,1853.91,25411.76,41.92268628,-87.64948873,4,6.48683440608543,11.164797074166795,False,0.7288663806008492,7.387265363693109
38725,2949.02,48841.67,41.78599852,-87.75093429,5,6.48683440608543,11.164797074166795,True,0.6020115455733318,10.111594367456604
38735,1426.12,19859.49,41.9386662,-87.71121059,2,6.48683440608543,11.164797074166795,True,0.6162368445758072,7.605183168482198
38747,2122.2,28620.05,41.89960211,-87.63330804,5,6.48683440608543,11.164797074166795,True,0.560122826352792,7.098866947210067
38758,2171.7,29133.79,41.89250778,-87.62621491,5,6.48683440608543,11.164797074166795,True,0.9270728629834372,7.7300616312790975
38768,3170.31,51837.02,41.74575771,-87.7083657,5,6.48683440608543,11.164797074166795,True,0.790835968610255,10.080640625449696
38779,2256.58,29839.65,41.89833179,-87.62076287,5,6.48683440608543,11.164797074166795,False,0.7274494513721901,9.692141890917958
38789,361.29,1994.43,41.97907082,-87.90303966,0,6.48683440608543,11.164797074166795,True,0.7165548321268669,3.1286354605129896
38799,1824.21,25163.49,41.92177819,-87.65106188,4,6.48683440608543,11.164797074166795,True,0.8554826723690564,9.180122105896402
38809,2001.5,27052.61,41.89253687,-87.65986432,4,6.48683440608543,11.164797074166795,True,0.715774231068246,7.823369946690283
38821,2122.2,28620.05,41.89960211,-87.63330804,5,6.48683440608543,11.164797074166795,False,0.4832634351251031,5.231637504664157
38831,1921.57,26734.65,41.89265811,-87.65253448,4,6.48683440608543,11.164797074166795,False,0.6222916473108351,7.26968344131181
38842,2273.13,30170.0,41.89092203,-87.61886836,5,6.48683440608543,11.164797074166795,False,0.7406489662491414,8.79999372394695
38853,1919.28,23815.87,41.9867118,-87.66341641,4,6.48683440608543,11.164797074166795,True,0.7462552944305186,6.666442668942673
38863,361.29,1994.43,41.97907082,-87.90303966,0,6.48683440608543,11.164797074166795,True,0.7841926913577599,6.133342189441528
38873,2128.42,28166.16,41.90585777,-87.63086503,5,6.48683440608543,11.164797074166795,False,0.7547585543655845,9.471730732713134
38884,2595.66,35608.31,41.85934972,-87.61735801,5,6.48683440608543,11.164797074166795,True,0.7154817277620253,6.8542983789884655
38894,1905.1,23546.93,42.00962288,-87.67016686,4,6.48683440608543,11.164797074166795,True,0.6598639815469174,10.771957026461614
38904,1919.38,25246.57,41.90120699,-87.67635599,4,6.48683440608543,11.164797074166795,False,0.9312250832915484,6.8695979172614905
38914,2135.07,28835.74,41.89321636,-87.63784421,5,6.48683440608543,11.164797074166795,True,0.8210912227605363,12.091982270395944
38924,2100.65,27573.62,41.90156691,-87.63840401,5,6.48683440608543,11.164797074166795,True,0.6718933156890599,8.563672504368485
38935,1919.28,23815.87,41.9867118,-87.66341641,4,6.48683440608543,11.164797074166795,True,0.7737439636148365,6.916577764534456
38945,2112.86,27750.81,41.90749193,-87.63576009,5,6.48683440608543,11.164797074166795,True,0.7209278039609627,5.580799137627885
38957,2273.13,30170.0,41.89092203,-87.61886836,5,6.48683440608543,11.164797074166795,True,0.8142622482723798,5.050558111084473
38967,2949.02,48841.67,41.78599852,-87.75093429,5,6.48683440608543,11.164797074166795,True,0.5561798880942229,7.239569927190063
38978,1883.89,24988.66,41.9442266,-87.65599818,4,6.48683440608543,11.164797074166795,True,0.6416932996251731,10.09279915704963
38988,1919.38,25246.57,41.90120699,-87.67635599,4,6.48683440608543,11.164797074166795,True,0.7392126240142238,11.35784833266607
38999,361.29,1994.43,41.97907082,-87.90303966,0,6.48683440608543,11.164797074166795,True,0.6000798247487688,6.01479921801916
39010,2130.1,28653.62,41.87925508,-87.642649,5,6.48683440608543,11.164797074166795,True,0.9206850073384538,7.44633525333924
39020,1793.65,24153.67,41.96581197,-87.65587879,4,6.48683440608543,11.164797074166795,True,0.6248970790975353,9.74705180534936
39030,2313.65,31203.91,41.87400538,-87.66351755,5,6.48683440608543,11.164797074166795,False,0.6637407016471703,9.1005831130942
39040,2164.16,28908.6,41.89207264,-87.62887416,5,6.48683440608543,11.164797074166795,False,0.6921994746250019,5.58969449479558
39051,1855.49,24612.12,41.93623718,-87.65641153,4,6.48683440608543,11.164797074166795,True,0.6660956453563054,13.056473755100566
39061,1883.89,24988.66,41.9442266,-87.65599818,4,6.48683440608543,11.164797074166795,True,0.5552300584588017,5.925978331995065
39072,1883.89,24988.66,41.9442266,-87.65599818,4,6.48683440608543,11.164797074166795,True,0.8186808501222765,7.102681323216618
39082,1853.91,25411.76,41.92268628,-87.64948873,4,6.48683440608543,11.164797074166795,True,0.7979754790056088,12.926036532112391
39092,2218.16,29630.74,41.89503345,-87.61971067,5,6.48683440608543,11.164797074166795,False,0.7977212587671796,9.608345058946425
39102,1883.89,24988.66,41.9442266,-87.65599818,4,6.48683440608543,11.164797074166795,True,0.7388501436879131,6.01151299222456
39112,1793.65,24153.67,41.96581197,-87.65587879,4,6.48683440608543,11.164797074166795,True,0.8083852914589146,9.978706870466985
39122,2218.16,29630.74,41.89503345,-87.61971067,5,6.48683440608543,11.164797074166795,True,0.5923666625896254,7.640572440324548
39132,2256.58,29839.65,41.89833179,-87.62076287,5,6.48683440608543,11.164797074166795,True,0.7813673601805591,7.555393876524629
39142,2576.82,32908.18,41.85718386,-87.62033462,5,6.48683440608543,11.164797074166795,True,0.6324054522624185,5.489194728710965
39152,2146.17,28683.26,41.90026569,-87.63210922,5,6.48683440608543,11.164797074166795,True,0.6528732651956151,8.921181334686912
39163,1974.17,25888.75,41.92681118,-87.64260525,4,6.48683440608543,11.164797074166795,True,0.8014470200531383,9.767582544755392
39173,1853.91,25411.76,41.92268628,-87.64948873,4,6.48683440608543,11.164797074166795,False,0.5274072750395289,5.325309383906399
39184,1883.89,24988.66,41.9442266,-87.65599818,4,6.48683440608543,11.164797074166795,True,0.5729624143631445,10.341596988799903
39194,1722.77,23702.47,41.9000696,-87.72091824,4,6.48683440608543,11.164797074166795,True,0.7292201966472334,3.76581811218945
39204,2171.7,29133.79,41.89250778,-87.62621491,5,6.48683440608543,11.164797074166795,True,0.5634390807918369,9.52429145920736
39216,2341.91,30442.36,41.88498719,-87.62099291,5,6.48683440608543,11.164797074166795,True,0.5828889642575458,8.9975730841798
39228,2146.74,28164.01,41.90752008,-87.6266589,5,6.48683440608543,11.164797074166795,True,0.8724282320518211,6.762090828025842
39241,2273.13,30170.0,41.89092203,-87.61886836,5,6.48683440608543,11.164797074166795,True,0.6955417015931168,6.12125608843757
39252,1905.1,23546.93,42.00962288,-87.67016686,4,6.48683440608543,11.164797074166795,True,0.7253152338793785,8.65986431147094
39263,2341.91,30442.36,41.88498719,-87.62099291,5,6.48683440608543,11.164797074166795,True,0.9091445091800682,9.87707807297037
39273,2341.91,30442.36,41.88498719,-87.62099291,5,6.48683440608543,11.164797074166795,True,0.6044429472955809,11.51920190733177
39283,361.29,1994.43,41.97907082,-87.90303966,0,6.48683440608543,11.164797074166795,True,0.7071738503434621,7.172298785019939
39294,2214.76,29329.81,41.89915561,-87.62621053,5,6.48683440608543,11.164797074166795,False,0.9850012380321744,9.610585631590684
39305,2214.76,29329.81,41.89915561,-87.62621053,5,6.48683440608543,11.164797074166795,True,0.6079552912018884,11.988535518266564
39316,1928.42,26438.1,41.92208254,-87.63415609,4,6.48683440608543,11.164797074166795,True,0.6210036530461103,7.235335990322096
39327,2313.65,31203.91,41.87400538,-87.66351755,5,6.48683440608543,11.164797074166795,False,0.7019463109313531,5.929610070501928
39337,2130.1,28653.62,41.87925508,-87.642649,5,6.48683440608543,11.164797074166795,False,0.4424360368025772,10.24373302157952
39347,1773.69,23822.11,41.92876301,-87.66567684,4,6.48683440608543,11.164797074166795,True,0.608633100959026,6.80408433332179
39357,2355.79,31261.86,41.87740612,-87.62197165,5,6.48683440608543,11.164797074166795,True,0.5131165527570157,8.47029968958867
39367,2130.1,28653.62,41.87925508,-87.642649,5,6.48683440608543,11.164797074166795,True,0.5969114595574914,7.504305212452056
39377,2164.16,28908.6,41.89207264,-87.62887416,5,6.48683440608543,11.164797074166795,True,0.6555002268116326,7.979942099241461
39388,1919.38,25246.57,41.90120699,-87.67635599,4,6.48683440608543,11.164797074166795,False,0.7800716381965916,6.9816716858869725
39399,1883.89,24988.66,41.9442266,-87.65599818,4,6.48683440608543,11.164797074166795,True,0.6551645716390118,6.710794300059417
39409,2294.19,30754.5,41.87886558,-87.62519214,5,6.48683440608543,11.164797074166795,False,0.711342051084151,6.208351453599739
39420,2313.65,31203.91,41.87400538,-87.66351755,5,6.48683440608543,11.164797074166795,False,0.6744108583944916,12.335915180858017
39431,1773.69,23822.11,41.92876301,-87.66567684,4,6.48683440608543,11.164797074166795,True,0.7387085536483519,6.409237433826688
39441,2133.02,28573.99,41.89204214,-87.63186395,5,6.48683440608543,11.164797074166795,True,0.7754040299239736,7.695403436273385
39451,1895.71,25221.92,41.94922091,-87.6519704,4,6.48683440608543,11.164797074166795,True,0.7266439882302748,12.177057237679726
39462,3071.59,41499.22,41.79409025,-87.59231086,5,6.48683440608543,11.164797074166795,False,0.6605337606527091,11.513086000995118
39472,2341.91,30442.36,41.88498719,-87.62099291,5,6.48683440608543,11.164797074166795,True,0.6046599607352258,9.758510092841211
39483,1928.42,26438.1,41.92208254,-87.63415609,4,6.48683440608543,11.164797074166795,True,0.6922942436134109,11.035429595334584
39493,1853.91,25411.76,41.92268628,-87.64948873,4,6.48683440608543,11.164797074166795,True,0.7071046840694358,10.73811025370912
39503,1621.95,21236.15,41.94779159,-87.68383494,3,6.48683440608543,11.164797074166795,True,0.4807339535759283,9.21823185564284
39515,2244.64,30518.34,41.88099447,-87.63274649,5,6.48683440608543,11.164797074166795,False,0.612222420603917,4.5019735504000735
39525,1853.91,25411.76,41.92268628,-87.64948873,4,6.48683440608543,11.164797074166795,False,0.5907707068394435,5.172520680212269
39536,2133.02,28573.99,41.89204214,-87.63186395,5,6.48683440608543,11.164797074166795,True,0.7254758769852429,6.208332010022733
39548,2341.91,30442.36,41.88498719,-87.62099291,5,6.48683440608543,11.164797074166795,True,0.6719906461462253,9.296652356731288
39559,361.29,1994.43,41.97907082,-87.90303966,0,6.48683440608543,11.164797074166795,True,0.657103681242269,7.134626451352665
39572,2214.76,29329.81,41.89915561,-87.62621053,5,6.48683440608543,11.164797074166795,False,0.7853471792103774,7.646843615828497
39582,2171.7,29133.79,41.89250778,-87.62621491,5,6.48683440608543,11.164797074166795,True,0.8866368154575243,7.51630755111028
39592,1883.89,24988.66,41.9442266,-87.65599818,4,6.48683440608543,11.164797074166795,True,0.5405249794702068,8.649506540996052
39607,1853.91,25411.76,41.92268628,-87.64948873,4,6.48683440608543,11.164797074166795,True,0.8263804630719869,10.04987837269992
39617,1853.91,25411.76,41.92268628,-87.64948873,4,6.48683440608543,11.164797074166795,False,0.7652719725174956,6.5758961238246245
39630,2164.16,28908.6,41.89207264,-87.62887416,5,6.48683440608543,11.164797074166795,True,0.4867869810951179,5.295603431222908
39642,2122.2,28620.05,41.89960211,-87.63330804,5,6.48683440608543,11.164797074166795,True,0.8169162366561727,10.02051390756335
39653,1919.38,25246.57,41.90120699,-87.67635599,4,6.48683440608543,11.164797074166795,True,0.7619392978390314,7.284935384301009
39663,2130.1,28653.62,41.87925508,-87.642649,5,6.48683440608543,11.164797074166795,False,0.5840267228536686,6.904119812283474
39674,1724.48,23837.92,41.91922505,-87.67144577,3,6.48683440608543,11.164797074166795,True,0.6510632280919386,10.474617816742043
39685,1588.78,21985.04,41.92276062,-87.69915534,3,6.48683440608543,11.164797074166795,True,0.5266653979076271,9.60314083726233
39695,2244.64,30518.34,41.88099447,-87.63274649,5,6.48683440608543,11.164797074166795,True,0.732587942873233,8.795226048295635
39705,2122.2,28620.05,41.89960211,-87.63330804,5,6.48683440608543,11.164797074166795,True,0.685651852987268,9.91827841433024
39715,1883.89,24988.66,41.9442266,-87.65599818,4,6.48683440608543,11.164797074166795,True,0.893892673813627,10.373963631827936
39726,1793.65,24153.67,41.96581197,-87.65587879,4,6.48683440608543,11.164797074166795,True,0.7542366846183611,3.5472751483133376
39737,1853.91,25411.76,41.92268628,-87.64948873,4,6.48683440608543,11.164797074166795,True,0.7396718451503052,6.316999243898017
39748,2171.7,29133.79,41.89250778,-87.62621491,5,6.48683440608543,11.164797074166795,True,0.6790347637045897,5.804061442317109
39760,1824.21,25163.49,41.92177819,-87.65106188,4,6.48683440608543,11.164797074166795,True,0.6328578343817639,9.90019735299214
39773,2313.65,31203.91,41.87400538,-87.66351755,5,6.48683440608543,11.164797074166795,True,0.6958531024216095,5.77756164380664
39784,2171.7,29133.79,41.89250778,-87.62621491,5,6.48683440608543,11.164797074166795,True,0.6818573960388443,5.947196936023311
39795,2133.02,28573.99,41.89204214,-87.63186395,5,6.48683440608543,11.164797074166795,True,0.6891295696209244,8.572366878947603
39805,1936.96,25407.66,41.93465916,-87.64672973,4,6.48683440608543,11.164797074166795,False,0.4689951134814422,6.696039456452297
39816,2341.91,30442.36,41.88498719,-87.62099291,5,6.48683440608543,11.164797074166795,True,0.7384435398913424,5.868333119589885
39826,2022.26,27350.38,41.91461629,-87.63171737,5,6.48683440608543,11.164797074166795,True,0.6187484243883664,6.513051062810003
39836,2122.2,28620.05,41.89960211,-87.63330804,5,6.48683440608543,11.164797074166795,True,0.6586144304422682,7.348531162007006
39850,2171.7,29133.79,41.89250778,-87.62621491,5,6.48683440608543,11.164797074166795,True,0.7563870153821417,7.070274296678135
39863,2171.7,29133.79,41.89250778,-87.62621491,5,6.48683440608543,11.164797074166795,False,0.6432059150629478,6.805102656606731
39873,2112.86,27750.81,41.90749193,-87.63576009,5,6.48683440608543,11.164797074166795,True,0.9211702406783496,5.889732522949232
39887,1588.78,21985.04,41.92276062,-87.69915534,3,6.48683440608543,11.164797074166795,True,0.7559327730310317,8.426802080442112
39899,1919.38,25246.57,41.90120699,-87.67635599,4,6.48683440608543,11.164797074166795,True,0.645410010949059,8.294405712997927
39910,1883.89,24988.66,41.9442266,-87.65599818,4,6.48683440608543,11.164797074166795,True,0.472129919073905,6.357805698464118
39922,2171.7,29133.79,41.89250778,-87.62621491,5,6.48683440608543,11.164797074166795,True,0.6523219706282102,12.394997776912607
39934,1588.78,21985.04,41.92276062,-87.69915534,3,6.48683440608543,11.164797074166795,True,0.5877410634131713,5.6895018791857375
39950,1958.7,26105.46,41.9049353,-87.64990723,4,6.48683440608543,11.164797074166795,False,0.8403890489791656,6.03845378663092
39964,2122.2,28620.05,41.89960211,-87.63330804,5,6.48683440608543,11.164797074166795,True,0.7545118119644337,9.853322571551262
39976,1919.38,25246.57,41.90120699,-87.67635599,4,6.48683440608543,11.164797074166795,True,0.8223185530647876,9.47181858684826
39989,2122.2,28620.05,41.89960211,-87.63330804,5,6.48683440608543,11.164797074166795,True,0.8012445421733411,10.809302035009152
40003,2067.61,27206.89,41.94982935,-87.64396537,4,6.48683440608543,11.164797074166795,True,0.6967939157579898,5.025480756660063
40017,2133.02,28573.99,41.89204214,-87.63186395,5,6.48683440608543,11.164797074166795,True,0.7063799285229676,7.887129125494868
40030,2341.91,30442.36,41.88498719,-87.62099291,5,6.48683440608543,11.164797074166795,False,0.6765882392388408,8.659818863228805
40045,2067.61,27206.89,41.94982935,-87.64396537,4,6.48683440608543,11.164797074166795,True,0.8260358678791035,7.081457933009205
40060,1588.78,21985.04,41.92276062,-87.69915534,3,6.48683440608543,11.164797074166795,True,0.7048109259428056,7.548114815519402
40071,2122.2,28620.05,41.89960211,-87.63330804,5,6.48683440608543,11.164797074166795,True,0.5260634622985403,8.18202445071436
40082,2130.1,28653.62,41.87925508,-87.642649,5,6.48683440608543,11.164797074166795,True,0.6959227793009305,8.62211710964728
40093,1853.91,25411.76,41.92268628,-87.64948873,4,6.48683440608543,11.164797074166795,True,0.7628123412422241,8.731985254474885
40103,2130.1,28653.62,41.87925508,-87.642649,5,6.48683440608543,11.164797074166795,True,0.7080680945809595,8.201204448301572
40117,2171.7,29133.79,41.89250778,-87.62621491,5,6.48683440608543,11.164797074166795,True,0.6380504177968919,8.779759833470271
40130,1919.38,25246.57,41.90120699,-87.67635599,4,6.48683440608543,11.164797074166795,True,0.5504401338464987,6.947996613970174
40140,2949.02,48841.67,41.78599852,-87.75093429,5,6.48683440608543,11.164797074166795,True,0.8809860903639155,8.77737517463206
40152,1853.91,25411.76,41.92268628,-87.64948873,4,6.48683440608543,11.164797074166795,True,0.7783060231838942,6.171429261433831
40163,2341.91,30442.36,41.88498719,-87.62099291,5,6.48683440608543,11.164797074166795,True,0.6381861815823737,9.666061758991694
40175,1853.91,25411.76,41.92268628,-87.64948873,4,6.48683440608543,11.164797074166795,True,0.4593239912050479,9.051167271787175
40186,1856.31,25564.74,41.92185491,-87.64621098,4,6.48683440608543,11.164797074166795,True,0.5786901399390795,9.510770163916442
40198,1883.89,24988.66,41.9442266,-87.65599818,4,6.48683440608543,11.164797074166795,True,0.5049227546293322,6.275319249025686
40215,2084.41,27629.05,41.90949567,-87.6309636,5,6.48683440608543,11.164797074166795,False,0.8941165222133367,6.092093842971018
40237,1921.57,26734.65,41.89265811,-87.65253448,4,6.48683440608543,11.164797074166795,False,0.7818612671802965,10.153260784958173
40261,2310.41,30615.91,41.89197151,-87.61294541,5,6.48683440608543,11.164797074166795,True,0.5670014907418442,7.851721668679098
40280,2122.2,28620.05,41.89960211,-87.63330804,5,6.48683440608543,11.164797074166795,True,0.5110377555913506,9.484567863552504
40305,2171.7,29133.79,41.89250778,-87.62621491,5,6.48683440608543,11.164797074166795,False,0.8038454426251639,8.022335581109019
40329,2313.65,31203.91,41.87400538,-87.66351755,5,6.48683440608543,11.164797074166795,True,0.7385489647264657,8.73513665194054
40354,1793.65,24153.67,41.96581197,-87.65587879,4,6.48683440608543,11.164797074166795,True,0.6269612042718746,9.961990944088706
40381,2341.91,30442.36,41.88498719,-87.62099291,5,6.48683440608543,11.164797074166795,True,0.7129434415963507,6.557771834565133
40405,2084.41,27629.05,41.90949567,-87.6309636,5,6.48683440608543,11.164797074166795,True,0.8528371275725913,2.5190805795149647
40441,2112.86,27750.81,41.90749193,-87.63576009,5,6.48683440608543,11.164797074166795,True,0.8062460547756675,10.276611188293847
40485,2171.7,29133.79,41.89250778,-87.62621491,5,6.48683440608543,11.164797074166795,True,0.6803324743546664,6.56005193698685
40501,2171.7,29133.79,41.89250778,-87.62621491,5,6.48683440608543,11.164797074166795,False,0.7417822960167569,8.79451262307029
40531,2171.7,29133.79,41.89250778,-87.62621491,5,6.48683440608543,11.164797074166795,True,0.7771819037144188,9.27694892192258
